React Developer,PwC India,"Bengaluru, Karnataka, India",2024-07-30,https://in.linkedin.com/jobs/view/react-developer-at-pwc-india-3985657270?position=1&pageNum=0&refId=osC9QYHyHmM5%2F%2FURDpnx5A%3D%3D&trackingId=4rg57Abe3Uhv8MD9jNq5xA%3D%3D&trk=public_jobs_jserp-result_search-card
Associate Software Engineer,"Alvaria, Inc.","Bengaluru, Karnataka, India",2024-07-30,https://in.linkedin.com/jobs/view/associate-software-engineer-at-alvaria-inc-3985649485?position=2&pageNum=0&refId=osC9QYHyHmM5%2F%2FURDpnx5A%3D%3D&trackingId=%2B7ypf5azb34PQ3wWxJRPZg%3D%3D&trk=public_jobs_jserp-result_search-card
Back End Developer,E-Solutions International LLC,"Bengaluru, Karnataka, India",2024-07-30,https://in.linkedin.com/jobs/view/back-end-developer-at-e-solutions-international-llc-3974526001?position=3&pageNum=0&refId=osC9QYHyHmM5%2F%2FURDpnx5A%3D%3D&trackingId=h65TZrRw%2FCd5koR5hge84w%3D%3D&trk=public_jobs_jserp-result_search-card
Software Engineer,Molex,"Bengaluru, Karnataka, India",2024-07-30,https://in.linkedin.com/jobs/view/software-engineer-at-molex-3988014108?position=4&pageNum=0&refId=osC9QYHyHmM5%2F%2FURDpnx5A%3D%3D&trackingId=culw9STe2o%2Bfh5zVwzDhyg%3D%3D&trk=public_jobs_jserp-result_search-card
Software Engineer,Molex,"Bengaluru, Karnataka, India",2024-07-30,https://in.linkedin.com/jobs/view/software-engineer-at-molex-3988009826?position=5&pageNum=0&refId=osC9QYHyHmM5%2F%2FURDpnx5A%3D%3D&trackingId=nyfTdZ8sotODxGTyJrO%2FUQ%3D%3D&trk=public_jobs_jserp-result_search-card
Machine Learning Engineer,Cotocus,"Bengaluru, Karnataka, India",2024-07-30,https://in.linkedin.com/jobs/view/machine-learning-engineer-at-cotocus-3987535339?position=6&pageNum=0&refId=osC9QYHyHmM5%2F%2FURDpnx5A%3D%3D&trackingId=Qwu%2F1tKodQ3j9MVyTyWOHw%3D%3D&trk=public_jobs_jserp-result_search-card
Software Engineer,Molex,"Bengaluru, Karnataka, India",2024-07-30,https://in.linkedin.com/jobs/view/software-engineer-at-molex-3988007992?position=7&pageNum=0&refId=osC9QYHyHmM5%2F%2FURDpnx5A%3D%3D&trackingId=Y4NNHr8TPTkO%2FW2UoaWo3Q%3D%3D&trk=public_jobs_jserp-result_search-card
Test Engineer (ATE),Texas Instruments,"Bengaluru, Karnataka, India",2024-07-30,https://in.linkedin.com/jobs/view/test-engineer-ate-at-texas-instruments-3980029330?position=8&pageNum=0&refId=osC9QYHyHmM5%2F%2FURDpnx5A%3D%3D&trackingId=MeGM8KjVA9l065f9MKYVlw%3D%3D&trk=public_jobs_jserp-result_search-card
Software Engineer III,ZoomInfo,"Bengaluru, Karnataka, India",2024-07-30,https://in.linkedin.com/jobs/view/software-engineer-iii-at-zoominfo-3987546049?position=9&pageNum=0&refId=osC9QYHyHmM5%2F%2FURDpnx5A%3D%3D&trackingId=h5xmo9w26v744VeHGh1WIA%3D%3D&trk=public_jobs_jserp-result_search-card
Frontend Engineer,Qrata,"Bagalur, Karnataka, India",2024-07-30,https://in.linkedin.com/jobs/view/frontend-engineer-at-qrata-3987877606?position=10&pageNum=0&refId=osC9QYHyHmM5%2F%2FURDpnx5A%3D%3D&trackingId=OXGPBIWrUy0Mk%2FbEfS1BBA%3D%3D&trk=public_jobs_jserp-result_search-card
Software Developer Trainee - Node.js,Enterprise Bot,"Bengaluru, Karnataka, India",2024-07-30,https://in.linkedin.com/jobs/view/software-developer-trainee-node-js-at-enterprise-bot-3988007398?position=2&pageNum=0&refId=v2y%2BZKMlB68Y3SB7bDA7Hg%3D%3D&trackingId=S7DAtZqSPhJ199C9qxra5A%3D%3D&trk=public_jobs_jserp-result_search-card
DevOps engineer (Immediate joiners preferred),Sourcing X-Press : In affiliation with Microsoft for Startups,"Bengaluru, Karnataka, India",2024-07-30,https://in.linkedin.com/jobs/view/devops-engineer-immediate-joiners-preferred-at-sourcing-x-press-in-affiliation-with-microsoft-for-startups-3985655315?position=9&pageNum=0&refId=v2y%2BZKMlB68Y3SB7bDA7Hg%3D%3D&trackingId=SakFwjDyQ1Yi%2Bp86Wpp3cA%3D%3D&trk=public_jobs_jserp-result_search-card
SDE-4,Cashfree Payments,"Bengaluru, Karnataka, India",2024-07-30,https://in.linkedin.com/jobs/view/sde-4-at-cashfree-payments-3985661040?position=10&pageNum=0&refId=v2y%2BZKMlB68Y3SB7bDA7Hg%3D%3D&trackingId=lzmgVuF6%2FJFvn%2FjOgqIjTQ%3D%3D&trk=public_jobs_jserp-result_search-card
Java Developer,JobDost,"Bagalur, Karnataka, India",2024-07-30,https://in.linkedin.com/jobs/view/java-developer-at-jobdost-3987881068?position=10&pageNum=0&refId=1yKYoErPEMMXSqKfi%2BVwrQ%3D%3D&trackingId=sDHHIApy6GtJurpRwsV6tQ%3D%3D&trk=public_jobs_jserp-result_search-card
PL/SQL Developer,Epsilon India,"Bengaluru, Karnataka, India",2024-07-30,https://in.linkedin.com/jobs/view/pl-sql-developer-at-epsilon-india-3985659217?position=9&pageNum=0&refId=TtE1zltvdAw74gsdxh2Z7A%3D%3D&trackingId=stR%2BiQWMXvDRpNl2qJKwJA%3D%3D&trk=public_jobs_jserp-result_search-card
Software Engineer,iSOCRATES Inc.,"Bengaluru, Karnataka, India",2024-07-30,https://in.linkedin.com/jobs/view/software-engineer-at-isocrates-inc-3987533896?position=1&pageNum=2&refId=tZUe%2BXOZaaPDoJc6ndptTw%3D%3D&trackingId=L8VSB4g1QxtRecO0f7rDIA%3D%3D&trk=public_jobs_jserp-result_search-card
UI Developer,Valueleaf Services (India) Pvt. Ltd.,"Bengaluru, Karnataka, India",2024-07-30,https://in.linkedin.com/jobs/view/ui-developer-at-valueleaf-services-india-pvt-ltd-3985641758?position=2&pageNum=2&refId=tZUe%2BXOZaaPDoJc6ndptTw%3D%3D&trackingId=IX3BUaM8VzyJPzTl6qy6vw%3D%3D&trk=public_jobs_jserp-result_search-card
Senior Software Engineer - Java,Antal International,"Bengaluru, Karnataka, India",2024-07-30,https://in.linkedin.com/jobs/view/senior-software-engineer-java-at-antal-international-3985644351?position=3&pageNum=2&refId=tZUe%2BXOZaaPDoJc6ndptTw%3D%3D&trackingId=4KGrosxoLj%2B5VlIgHaRQHg%3D%3D&trk=public_jobs_jserp-result_search-card
Android Developer,E-Solutions International LLC,"Bengaluru, Karnataka, India",2024-07-30,https://in.linkedin.com/jobs/view/android-developer-at-e-solutions-international-llc-3987542046?position=4&pageNum=2&refId=tZUe%2BXOZaaPDoJc6ndptTw%3D%3D&trackingId=JucResjK3CBRApUUCaJ4mw%3D%3D&trk=public_jobs_jserp-result_search-card
Android Developer,Vyapar,"Bangalore Urban, Karnataka, India",2024-07-30,https://in.linkedin.com/jobs/view/android-developer-at-vyapar-3987890891?position=5&pageNum=2&refId=tZUe%2BXOZaaPDoJc6ndptTw%3D%3D&trackingId=PqZ8qTORxF1m%2F9jreMFMjw%3D%3D&trk=public_jobs_jserp-result_search-card
Software Engineer III,Wayfair,"Bengaluru, Karnataka, India",2024-07-30,https://in.linkedin.com/jobs/view/software-engineer-iii-at-wayfair-3985659022?position=6&pageNum=2&refId=tZUe%2BXOZaaPDoJc6ndptTw%3D%3D&trackingId=LdV%2FOUxstib7yXbpSQLcQw%3D%3D&trk=public_jobs_jserp-result_search-card
Software Development Lead,Cashfree Payments,"Bangalore Urban, Karnataka, India",2024-07-30,https://in.linkedin.com/jobs/view/software-development-lead-at-cashfree-payments-3985659436?position=7&pageNum=2&refId=tZUe%2BXOZaaPDoJc6ndptTw%3D%3D&trackingId=%2F1zJU044zJD9BlljI%2FAYLA%3D%3D&trk=public_jobs_jserp-result_search-card
Java Backend Developer(PPALJP00010605),Cogent Integrated Business Solutions Inc.,"Bengaluru, Karnataka, India",2024-07-30,https://in.linkedin.com/jobs/view/java-backend-developer-ppaljp00010605-at-cogent-integrated-business-solutions-inc-3987537839?position=8&pageNum=2&refId=tZUe%2BXOZaaPDoJc6ndptTw%3D%3D&trackingId=EyIqjE7zAIUPK%2BjhHJhzuA%3D%3D&trk=public_jobs_jserp-result_search-card
Test Automation Engineer,Accenture in India,"Bengaluru, Karnataka, India",2024-07-30,https://in.linkedin.com/jobs/view/test-automation-engineer-at-accenture-in-india-3983587061?position=9&pageNum=2&refId=tZUe%2BXOZaaPDoJc6ndptTw%3D%3D&trackingId=ezoafdD9Q2IG5JYzDo3mBg%3D%3D&trk=public_jobs_jserp-result_search-card
Lead Development Engineer,FIS,"Bengaluru, Karnataka, India",2024-07-30,https://in.linkedin.com/jobs/view/lead-development-engineer-at-fis-3985651341?position=10&pageNum=2&refId=tZUe%2BXOZaaPDoJc6ndptTw%3D%3D&trackingId=MsB8hXMLyqeCMLTrWCf37w%3D%3D&trk=public_jobs_jserp-result_search-card
Autosar Software Architecture Automation Engineer,HCLTech,"Bengaluru, Karnataka, India",2024-07-30,https://in.linkedin.com/jobs/view/autosar-software-architecture-automation-engineer-at-hcltech-3985659006?position=1&pageNum=5&refId=b6Q02%2BtMPWHpj%2Bzp1ojigg%3D%3D&trackingId=0%2BlJR3ohlYB8qaa%2FBdb2Yw%3D%3D&trk=public_jobs_jserp-result_search-card
Full Stack Engineer,HellowYellow Inc.,"Bengaluru, Karnataka, India",2024-07-30,https://in.linkedin.com/jobs/view/full-stack-engineer-at-hellowyellow-inc-3985655493?position=2&pageNum=5&refId=b6Q02%2BtMPWHpj%2Bzp1ojigg%3D%3D&trackingId=EgOIb7Vd0LfdZMRWLTbgPg%3D%3D&trk=public_jobs_jserp-result_search-card
QA Automation Engineer,JobDost,"Bagalur, Karnataka, India",2024-07-30,https://in.linkedin.com/jobs/view/qa-automation-engineer-at-jobdost-3987880349?position=3&pageNum=5&refId=b6Q02%2BtMPWHpj%2Bzp1ojigg%3D%3D&trackingId=3yTZ93c6xBe3rGNBCznfWw%3D%3D&trk=public_jobs_jserp-result_search-card
Advanced Embedded Engineer,Honeywell,"Bengaluru, Karnataka, India",2024-07-30,https://in.linkedin.com/jobs/view/advanced-embedded-engineer-at-honeywell-3987543277?position=4&pageNum=5&refId=b6Q02%2BtMPWHpj%2Bzp1ojigg%3D%3D&trackingId=KC6i44toQrZlubBlD6phgg%3D%3D&trk=public_jobs_jserp-result_search-card
Data Scientist,krtrimaIQ Cognitive Solutions,"Bengaluru, Karnataka, India",2024-07-30,https://in.linkedin.com/jobs/view/data-scientist-at-krtrimaiq-cognitive-solutions-3987894174?position=5&pageNum=5&refId=b6Q02%2BtMPWHpj%2Bzp1ojigg%3D%3D&trackingId=zZ96mP7cHNztbaAsptb3Vg%3D%3D&trk=public_jobs_jserp-result_search-card
Machine Learning Engineer,Skywaves Rise,"Bengaluru, Karnataka, India",2024-07-30,https://in.linkedin.com/jobs/view/machine-learning-engineer-at-skywaves-rise-3987549537?position=6&pageNum=5&refId=b6Q02%2BtMPWHpj%2Bzp1ojigg%3D%3D&trackingId=35%2BYiZR605h3iPdYqC2qZQ%3D%3D&trk=public_jobs_jserp-result_search-card
Senior Data Engineer - I,Novo Nordisk,"Bengaluru, Karnataka, India",2024-07-30,https://in.linkedin.com/jobs/view/senior-data-engineer-i-at-novo-nordisk-3987877269?position=7&pageNum=5&refId=b6Q02%2BtMPWHpj%2Bzp1ojigg%3D%3D&trackingId=KhpnzTr0jPRvvusQfmyTJQ%3D%3D&trk=public_jobs_jserp-result_search-card
SE-3 Infra Engineering,Exotel,"Bengaluru, Karnataka, India",2024-07-30,https://in.linkedin.com/jobs/view/se-3-infra-engineering-at-exotel-3985658151?position=8&pageNum=5&refId=b6Q02%2BtMPWHpj%2Bzp1ojigg%3D%3D&trackingId=WdN%2BlU2Y0al26T%2FVLGfeig%3D%3D&trk=public_jobs_jserp-result_search-card
Java with Microservices,Influx Neo Technologies,"Bengaluru, Karnataka, India",2024-07-30,https://in.linkedin.com/jobs/view/java-with-microservices-at-influx-neo-technologies-3985656055?position=9&pageNum=5&refId=b6Q02%2BtMPWHpj%2Bzp1ojigg%3D%3D&trackingId=0QxFZPE%2BTu%2F8yBKZzDiTxQ%3D%3D&trk=public_jobs_jserp-result_search-card
Full Stack Intern,"SURGE SOFTWARE SOLUTIONS, INC.","Bangalore Urban, Karnataka, India",2024-07-30,https://in.linkedin.com/jobs/view/full-stack-intern-at-surge-software-solutions-inc-3985647899?position=10&pageNum=5&refId=b6Q02%2BtMPWHpj%2Bzp1ojigg%3D%3D&trackingId=5ksbZb%2F06hMOni4lz7dZ%2BA%3D%3D&trk=public_jobs_jserp-result_search-card
Sr Associate Software Engineering,AT&T,"Bengaluru, Karnataka, India",2024-07-30,https://in.linkedin.com/jobs/view/sr-associate-software-engineering-at-at-t-3985660068?position=1&pageNum=7&refId=%2Bsk5YGZ8aueJOs%2Fm7iTeUQ%3D%3D&trackingId=ucaiQ7YBdXIJhmb5j6LCFA%3D%3D&trk=public_jobs_jserp-result_search-card
Aem Full Stack developer,Employdemy Solutions,"Bengaluru, Karnataka, India",2024-07-30,https://in.linkedin.com/jobs/view/aem-full-stack-developer-at-employdemy-solutions-3985642223?position=2&pageNum=7&refId=%2Bsk5YGZ8aueJOs%2Fm7iTeUQ%3D%3D&trackingId=dY2GUc%2FGocKZd4v2FWcZJw%3D%3D&trk=public_jobs_jserp-result_search-card
Sr Advanced Software Engr,Honeywell,"Bengaluru, Karnataka, India",2024-07-30,https://in.linkedin.com/jobs/view/sr-advanced-software-engr-at-honeywell-3987539701?position=3&pageNum=7&refId=%2Bsk5YGZ8aueJOs%2Fm7iTeUQ%3D%3D&trackingId=HqGzZbvlcvYgxovIxYsmQw%3D%3D&trk=public_jobs_jserp-result_search-card
Integrations Engineer,Safe Security,"Bengaluru, Karnataka, India",2024-07-30,https://in.linkedin.com/jobs/view/integrations-engineer-at-safe-security-3985650498?position=4&pageNum=7&refId=%2Bsk5YGZ8aueJOs%2Fm7iTeUQ%3D%3D&trackingId=%2FVARpm15OhmCMOIi%2F9K0Rw%3D%3D&trk=public_jobs_jserp-result_search-card
Lead Software Engineer,BT Group,"Bengaluru, Karnataka, India",2024-07-30,https://in.linkedin.com/jobs/view/lead-software-engineer-at-bt-group-3987534881?position=5&pageNum=7&refId=%2Bsk5YGZ8aueJOs%2Fm7iTeUQ%3D%3D&trackingId=igT5iGU236Sn%2FAmCESwCRQ%3D%3D&trk=public_jobs_jserp-result_search-card
Artificial Intelligence /Machine Learning Developer - Assistant Manager,State Street,"Bengaluru, Karnataka, India",2024-07-30,https://in.linkedin.com/jobs/view/artificial-intelligence-machine-learning-developer-assistant-manager-at-state-street-3981648378?position=6&pageNum=7&refId=%2Bsk5YGZ8aueJOs%2Fm7iTeUQ%3D%3D&trackingId=XwJfeR3ie7lZVg%2BJesTSrA%3D%3D&trk=public_jobs_jserp-result_search-card
Network Driver Developer,Ideaon,"Bengaluru, Karnataka, India",2024-07-30,https://in.linkedin.com/jobs/view/network-driver-developer-at-ideaon-3987551281?position=7&pageNum=7&refId=%2Bsk5YGZ8aueJOs%2Fm7iTeUQ%3D%3D&trackingId=T1A0ULF7BKzbzuKBE2fBrQ%3D%3D&trk=public_jobs_jserp-result_search-card
Cognizant hiring for Apache Solr developer,Cognizant,"Bangalore Urban, Karnataka, India",2024-07-30,https://in.linkedin.com/jobs/view/cognizant-hiring-for-apache-solr-developer-at-cognizant-3974787787?position=8&pageNum=7&refId=%2Bsk5YGZ8aueJOs%2Fm7iTeUQ%3D%3D&trackingId=1YfbBPWVwzY7bzjG%2BmfcLQ%3D%3D&trk=public_jobs_jserp-result_search-card
Senior Engineer,Kenvue,"Bengaluru, Karnataka, India",2024-07-30,https://in.linkedin.com/jobs/view/senior-engineer-at-kenvue-3987542051?position=9&pageNum=7&refId=%2Bsk5YGZ8aueJOs%2Fm7iTeUQ%3D%3D&trackingId=7pQtID3iNxE67uscZZtXKQ%3D%3D&trk=public_jobs_jserp-result_search-card
Senior Developer 6+ years,Tresbu Digital,"Bengaluru, Karnataka, India",2024-07-30,https://in.linkedin.com/jobs/view/senior-developer-6%2B-years-at-tresbu-digital-3987867827?position=10&pageNum=7&refId=%2Bsk5YGZ8aueJOs%2Fm7iTeUQ%3D%3D&trackingId=XcT%2BGnYOkocmXl3ELlRcXA%3D%3D&trk=public_jobs_jserp-result_search-card
Image Signal Processing,Texas Instruments,"Bengaluru, Karnataka, India",2024-07-30,https://in.linkedin.com/jobs/view/image-signal-processing-at-texas-instruments-3963957628?position=9&pageNum=0&refId=COJFTn8b4QGFLfuMCfvMeg%3D%3D&trackingId=3E0pUiwSbShfPL9vJa8slg%3D%3D&trk=public_jobs_jserp-result_search-card
Python Gen AI,Virtusa,"Bangalore Urban, Karnataka, India",2024-07-30,https://in.linkedin.com/jobs/view/python-gen-ai-at-virtusa-3987894901?position=1&pageNum=2&refId=OtGiQK8dDESZjYpcZh1F%2Fg%3D%3D&trackingId=c4oU%2BK9f61evNScZv%2BNQMw%3D%3D&trk=public_jobs_jserp-result_search-card
Senior Principal Engineer/ Principal Engineer,Cashfree Payments,"Bengaluru, Karnataka, India",2024-07-30,https://in.linkedin.com/jobs/view/senior-principal-engineer-principal-engineer-at-cashfree-payments-3985654880?position=2&pageNum=2&refId=OtGiQK8dDESZjYpcZh1F%2Fg%3D%3D&trackingId=azC72nmU%2FfjaO7toDTnYIA%3D%3D&trk=public_jobs_jserp-result_search-card
Oracle PL/SQL Development - Tech Lead,State Street,"Bengaluru, Karnataka, India",2024-07-30,https://in.linkedin.com/jobs/view/oracle-pl-sql-development-tech-lead-at-state-street-3987537834?position=3&pageNum=5&refId=KpThjjQ9wfirpJuUUsuaxA%3D%3D&trackingId=VF%2F6cl4Jem2dH4ORy0ceBg%3D%3D&trk=public_jobs_jserp-result_search-card
Senior Systems Engineer,Cognizant,"Bangalore Urban, Karnataka, India",2024-07-30,https://in.linkedin.com/jobs/view/senior-systems-engineer-at-cognizant-3985652682?position=5&pageNum=5&refId=KpThjjQ9wfirpJuUUsuaxA%3D%3D&trackingId=jg7DCV4g9EnXdR0Kkjx7%2Bg%3D%3D&trk=public_jobs_jserp-result_search-card
Senior Consultant,Virtusa,"Bangalore Urban, Karnataka, India",2024-07-30,https://in.linkedin.com/jobs/view/senior-consultant-at-virtusa-3987895845?position=6&pageNum=5&refId=KpThjjQ9wfirpJuUUsuaxA%3D%3D&trackingId=4ApTGhNqLCx81zJU8AS4Ng%3D%3D&trk=public_jobs_jserp-result_search-card
Aras developer,Webologix Ltd/ INC,"Bangalore Urban, Karnataka, India",2024-07-30,https://in.linkedin.com/jobs/view/aras-developer-at-webologix-ltd-inc-3987552046?position=7&pageNum=5&refId=KpThjjQ9wfirpJuUUsuaxA%3D%3D&trackingId=jz9K6yoM%2FYLa%2BRjNmmWPCw%3D%3D&trk=public_jobs_jserp-result_search-card
Java Full stack DevOps Aws,Cloud Gen Softech Systems Pvt Ltc,"Bengaluru, Karnataka, India",2024-07-30,
OUAF Developer,QubeHRÂ®,"Bengaluru, Karnataka, India",2024-07-30,https://in.linkedin.com/jobs/view/ouaf-developer-at-qubehr%C2%AE-3987899827?position=9&pageNum=5&refId=KpThjjQ9wfirpJuUUsuaxA%3D%3D&trackingId=sbQBn7NvUpYhzeBXwIXdMg%3D%3D&trk=public_jobs_jserp-result_search-card
Collibra Data Lineage Engineer - Tech Lead,State Street,"Bengaluru, Karnataka, India",2024-07-30,https://in.linkedin.com/jobs/view/collibra-data-lineage-engineer-tech-lead-at-state-street-3980985306?position=10&pageNum=5&refId=KpThjjQ9wfirpJuUUsuaxA%3D%3D&trackingId=oacxBMafkb1YaFarorVVbQ%3D%3D&trk=public_jobs_jserp-result_search-card
